<!DOCTYPE web-app PUBLIC
 "-//Sun Microsystems, Inc.//DTD Web Application 2.3//EN"
 "http://java.sun.com/dtd/web-app_2_3.dtd" >

<web-app>
	
  <display-name>Archetype Created Web Application</display-name>
  <context-param>
  <param-name>contextConfigLocation</param-name>
  <param-value>/WEB-INF/dispatcher-servlet.xml,/WEB-INF/spring-security.xml</param-value>
  </context-param>
    <filter>
    <filter-name>springSecurityFilterChain</filter-name>
    <filter-class>org.springframework.web.filter.DelegatingFilterProxy</filter-class>
	</filter>
	<filter-mapping>
	<filter-name>springSecurityFilterChain</filter-name>
	<url-pattern>/*</url-pattern>
	</filter-mapping>
	<listener>
	<listener-class>org.springframework.web.context.ContextLoaderListener</listener-class>
	</listener>
  <servlet>
  <servlet-name>dispatcher</servlet-name>
  <servlet-class>org.springframework.web.servlet.DispatcherServlet</servlet-class>
  </servlet>
  <servlet-mapping>
  <servlet-name>dispatcher</servlet-name>
  <url-pattern>/</url-pattern>
  </servlet-mapping>
  
</web-app>